<?xml version="1.0" encoding="UTF-8"?>
<!DOCTYPE faces-config 
    PUBLIC "-//Sun Microsystems, Inc.//DTD JavaServer Faces Config 1.0//EN"
    "http://java.sun.com/dtd/web-facesconfig_1_0.dtd">
    
<faces-config>

  <application>
    <view-handler>
      com.sun.facelets.FaceletViewHandler
    </view-handler>
  </application>

  <managed-bean>
    <description>Dao</description>
    <managed-bean-name>todoBean</managed-bean-name>
    <managed-bean-class>TodoBean</managed-bean-class>
    <managed-bean-scope>request</managed-bean-scope>
  </managed-bean>

</faces-config>
