<?xml version="1.0" encoding="UTF-8"?>
<!DOCTYPE faces-config 
    PUBLIC "-//Sun Microsystems, Inc.//DTD JavaServer Faces Config 1.0//EN"
    "http://java.sun.com/dtd/web-facesconfig_1_0.dtd">
    
<faces-config>

  <!-- Select one of the three standard persistence lifecycle models for the Seam application -->

  <lifecycle>
    <phase-listener>org.jboss.seam.jsf.SeamPhaseListener</phase-listener> 
  </lifecycle>
  
  <!-- Facelets support -->

  <application>
    <view-handler>org.jboss.seam.ui.facelet.SeamFaceletViewHandler</view-handler>
  </application>

</faces-config>
